Season,ConfAbbrev,MeanElo
1985,big_eight,1576.518566582498
1985,sec,1576.3868205388515
1985,big_sky,1491.4602604539502
1985,ecacn,1428.0884470093479
1985,metro,1541.0465342831676
1985,ind,1445.5701538405565
1985,a_sun,1469.8391870694497
1985,mw_city,1521.0028452893066
1985,acc,1672.5547514456837
1985,big_ten,1629.3302698089988
1985,wcc,1503.7692827645792
1985,ecacs,1498.203952336006
1985,mid_cont,1422.0455580727903
1985,sun_belt,1571.1060193639073
1985,southern,1453.9159016178305
1985,ecc,1405.9775379970831
1985,gsc,1389.7573221320556
1985,mac,1494.336228507482
1985,swac,1447.1853721496207
1985,meac,1359.4968536966135
1985,maac,1498.2464526697709
1985,pac_ten,1542.7143008266153
1985,a_ten,1491.2321558183914
1985,swc,1559.2993769968914
1985,wac,1507.083969878238
1985,southland,1523.7368353684794
1985,ecacm,1405.5595925408152
1985,mvc,1545.148352448592
1985,ovc,1458.5518223905697
1985,ivy,1429.8810054979838
1985,big_east,1640.5764560628381
1985,pcaa,1468.0872120894637
1986,big_eight,1672.764951967674
1986,sec,1648.4625161810593
1986,big_sky,1480.4201957510998
1986,ecacn,1445.6541985066729
1986,metro,1641.0043453980275
1986,ind,1459.1611045841896
1986,a_sun,1407.6310780140645
1986,acc,1758.5953951273323
1986,big_ten,1687.0223790339187
1986,wcc,1464.285921110505
1986,mid_cont,1418.9678148500727
1986,sun_belt,1610.1832810851026
1986,southern,1432.466801164652
1986,ecc,1369.4002516627688
1986,gsc,1324.5505026511196
1986,mac,1476.2407322432157
1986,swac,1424.4424821610362
1986,mw_coll,1500.6820911546724
1986,meac,1289.2519234965212
1986,maac,1420.0815660180342
1986,big_south,1330.723815096228
1986,pac_ten,1567.982238776047
1986,a_ten,1510.8969725221493
1986,swc,1539.0510728350894
1986,wac,1481.089983658981
1986,southland,1523.521759874425
1986,ecacm,1368.0954440090964
1986,mvc,1539.180451304263
1986,ovc,1425.9601644490942
1986,ivy,1402.0000696425438
1986,big_east,1683.9915171289101
1986,caa,1513.8521151804393
1986,pcaa,1510.8124280303866
1987,big_eight,1672.2015802112114
1987,sec,1690.5126284475123
1987,big_sky,1473.8181734810441
1987,ecacn,1412.0058956003836
1987,metro,1620.669585558492
1987,ind,1436.1283554151767
1987,a_sun,1373.7434708844207
1987,acc,1792.578477665473
1987,big_ten,1717.335708965397
1987,wcc,1486.2008802856928
1987,mid_cont,1461.7343998498022
1987,sun_belt,1588.2439659432034
1987,southern,1427.1322327787516
1987,ecc,1370.6136002776018
1987,gsc,1359.5097404688756
1987,mac,1464.281110241191
1987,swac,1356.793818755713
1987,mw_coll,1489.674411272023
1987,meac,1270.837932750945
1987,maac,1421.8588170471803
1987,big_south,1340.334150343781
1987,pac_ten,1585.8728855920758
1987,a_ten,1522.32984067975
1987,swc,1587.4020250497733
1987,wac,1511.8299477841542
1987,southland,1509.5767157363377
1987,ecacm,1342.8288649529197
1987,mvc,1560.9165621026414
1987,ovc,1471.169897394092
1987,ivy,1398.1530294032268
1987,big_east,1726.8179068667062
1987,caa,1525.18012799328
1987,pcaa,1543.1616149670679
1988,big_eight,1713.963678440714
1988,asc,1544.3157467177741
1988,sec,1703.3817384212446
1988,big_sky,1442.3956633238092
1988,ecacn,1363.3842467767493
1988,metro,1693.1906488531458
1988,ind,1365.8153612861854
1988,a_sun,1411.6791495242678
1988,acc,1782.5877521436414
1988,big_ten,1728.5868002588697
1988,wcc,1521.588361255624
1988,mid_cont,1477.5769791712921
1988,sun_belt,1546.316553147557
1988,southern,1410.1843918126244
1988,ecc,1428.8895008448428
1988,mac,1460.2934886255152
1988,swac,1347.2355089431098
1988,mw_coll,1530.3396441206169
1988,meac,1279.691240001851
1988,maac,1413.3298558678575
1988,big_south,1359.8515174867064
1988,pac_ten,1585.0361899579395
1988,a_ten,1546.887726815482
1988,swc,1578.0954424519668
1988,wac,1574.9891141806581
1988,southland,1413.7667975423228
1988,ecacm,1297.2875307651314
1988,mvc,1554.270421911121
1988,ovc,1432.4510859273307
1988,ivy,1369.935850639792
1988,big_east,1754.6101088115904
1988,caa,1480.4461063012109
1988,pcaa,1577.6353022753894
1989,nac,1358.4397990602963
1989,big_eight,1751.043584867978
1989,asc,1569.013992432542
1989,sec,1673.5239750904711
1989,big_sky,1448.5227283254535
1989,metro,1713.9118451860743
1989,ind,1318.3504792229544
1989,a_sun,1432.7773692759426
1989,acc,1799.64203664821
1989,big_ten,1790.109737898587
1989,wcc,1536.6734114783471
1989,mid_cont,1471.9679209249082
1989,sun_belt,1549.1941641877709
1989,southern,1454.550132253542
1989,ecc,1414.068046276196
1989,mac,1498.524890081381
1989,swac,1351.9977339946136
1989,mw_coll,1523.4718795481106
1989,big_west,1559.4061480522937
1989,meac,1289.0619643510138
1989,maac,1454.3273684417281
1989,big_south,1308.6297086753825
1989,pac_ten,1652.3987332306092
1989,a_ten,1510.277360580611
1989,swc,1565.7059093928
1989,wac,1604.6549088826964
1989,southland,1400.851590885099
1989,mvc,1525.0607373362582
1989,ovc,1390.6953962377424
1989,nec,1282.8469474012177
1989,ivy,1323.977673629337
1989,big_east,1802.9686790726553
1989,caa,1458.1386247291662
1990,nac,1333.53657771245
1990,big_eight,1754.834196805157
1990,asc,1575.864783989569
1990,sec,1672.0904468302324
1990,big_sky,1450.5428815863677
1990,metro,1647.1860294736018
1990,ind,1293.1554260249657
1990,a_sun,1394.0315588607746
1990,acc,1829.9999831854927
1990,big_ten,1824.397256575503
1990,wcc,1442.3798568580717
1990,mid_cont,1523.2139283034817
1990,sun_belt,1533.95452042639
1990,southern,1463.308132055052
1990,ecc,1408.1334669134885
1990,mac,1545.9471799352498
1990,swac,1346.119108922508
1990,mw_coll,1516.1753388216782
1990,big_west,1603.4157307591288
1990,meac,1268.3616283021565
1990,maac,1420.2600158739972
1990,big_south,1321.3495895385738
1990,pac_ten,1671.4870021123909
1990,a_ten,1505.3680652436124
1990,swc,1583.2865972135342
1990,wac,1635.0977428336807
1990,southland,1337.3901733165915
1990,mvc,1559.3123441915734
1990,ovc,1407.869187372648
1990,nec,1333.332932048141
1990,ivy,1331.168392939685
1990,big_east,1793.9777571430454
1990,caa,1422.235507867509
1991,nac,1344.6786018226787
1991,big_eight,1803.0502845080202
1991,asc,1554.271924511046
1991,sec,1695.158047671186
1991,big_sky,1418.9361390146082
1991,metro,1657.5156304249977
1991,ind,1290.571032715626
1991,a_sun,1369.4670224583233
1991,acc,1842.098187544232
1991,big_ten,1791.565387859341
1991,wcc,1459.055496666711
1991,mid_cont,1499.320620812342
1991,sun_belt,1516.5497117711757
1991,southern,1463.4682987395963
1991,ecc,1335.0891195923189
1991,mac,1547.9884905710742
1991,swac,1308.5310487738311
1991,mw_coll,1496.3617160007707
1991,big_west,1585.8226899852293
1991,meac,1272.2766291317896
1991,maac,1440.1626501188582
1991,big_south,1273.994798981536
1991,pac_ten,1709.9836531901879
1991,a_ten,1551.1744530904066
1991,swc,1605.679943621612
1991,wac,1636.9277550445229
1991,southland,1323.4319744992426
1991,mvc,1535.654362642692
1991,ovc,1465.3232435723944
1991,nec,1333.8119470967895
1991,ivy,1344.720239101384
1991,big_east,1803.6973554848435
1991,caa,1434.9596976321627
1991,patriot,1366.5015948521375
1992,nac,1337.5998309100019
1992,big_eight,1842.4852432632258
1992,sec,1709.9742261133133
1992,big_sky,1435.0325180903992
1992,metro,1649.5415173568065
1992,ind,1373.2900345966038
1992,gmwc,1676.2772676359302
1992,a_sun,1278.209218806552
1992,acc,1809.4402320251413
1992,big_ten,1794.2876638265802
1992,wcc,1495.860721248529
1992,mid_cont,1486.7366895812484
1992,sun_belt,1512.8137838359437
1992,southern,1447.8882893794748
1992,ecc,1247.1218232565736
1992,mac,1531.527592785556
1992,swac,1278.2429249154238
1992,mw_coll,1558.998963074213
1992,big_west,1576.171571830038
1992,meac,1234.6975353913394
1992,maac,1476.745997192128
1992,big_south,1270.7939778131476
1992,pac_ten,1714.8526158887144
1992,a_ten,1630.6910891864802
1992,swc,1584.1289291923777
1992,wac,1597.4984522506224
1992,southland,1340.2307785283533
1992,mvc,1484.3273472393216
1992,ovc,1436.4201671917501
1992,nec,1331.244918287157
1992,ivy,1354.647780043667
1992,big_east,1751.631402370644
1992,caa,1437.5037916959184
1992,patriot,1348.0131931088504
1993,nac,1349.7405605804543
1993,big_eight,1804.4448787163446
1993,sec,1727.1117916617814
1993,big_sky,1425.6992551217106
1993,metro,1608.764135861811
1993,ind,1306.7872109111242
1993,gmwc,1714.243295351079
1993,a_sun,1279.267504922729
1993,acc,1841.5653437031567
1993,big_ten,1792.0507497104766
1993,wcc,1469.9972539777345
1993,mid_cont,1417.581911772616
1993,sun_belt,1517.714587515511
1993,southern,1424.1907405743389
1993,mac,1486.8907699905053
1993,swac,1328.2550411695606
1993,mw_coll,1546.3667290648016
1993,big_west,1595.0993556956869
1993,meac,1229.2314087909847
1993,maac,1459.482643529966
1993,big_south,1273.6945523242211
1993,pac_ten,1704.4142017968304
1993,a_ten,1713.6830920875718
1993,swc,1598.9568616754882
1993,wac,1580.0440266310864
1993,southland,1352.4622905840174
1993,mvc,1506.9778071242013
1993,ovc,1398.1466165535576
1993,nec,1296.9290742288688
1993,ivy,1388.6741848335362
1993,big_east,1756.6400628262122
1993,caa,1489.7327593238551
1993,patriot,1327.7777011897729
1994,nac,1410.346472292538
1994,big_eight,1799.8899413885852
1994,sec,1708.337855077472
1994,big_sky,1473.962847887044
1994,metro,1661.0415058975243
1994,ind,1323.3146027050886
1994,gmwc,1702.2057415424115
1994,a_sun,1302.060232709242
1994,acc,1830.1674385497936
1994,big_ten,1823.0520076835396
1994,wcc,1509.0322426544128
1994,mid_cont,1411.5096423771492
1994,sun_belt,1520.131180692524
1994,southern,1421.7149536161096
1994,ecc,1193.0041780361478
1994,mac,1512.2538450428758
1994,swac,1309.611724173338
1994,mw_coll,1541.9513809007833
1994,big_west,1545.4414115340612
1994,meac,1244.0769763615028
1994,maac,1448.2814443906009
1994,big_south,1288.8198193269486
1994,pac_ten,1703.1443596306303
1994,a_ten,1711.690963267978
1994,swc,1558.0574783792229
1994,wac,1586.2182112431578
1994,southland,1356.1380119073756
1994,mvc,1518.8598617233783
1994,ovc,1366.137934569379
1994,nec,1306.739377593147
1994,ivy,1355.5827891445388
1994,big_east,1774.9582141137798
1994,caa,1467.8212092974582
1994,patriot,1305.2505841108632
1995,nac,1451.9708213483927
1995,big_eight,1833.6638461847078
1995,sec,1736.4163421689984
1995,big_sky,1518.8357454273053
1995,metro,1707.193559405192
1995,ind,1374.1508739442875
1995,gmwc,1702.3531023577034
1995,a_sun,1326.0616265726362
1995,acc,1843.8776548625428
1995,big_ten,1763.4507062096295
1995,wcc,1547.6490191585742
1995,mid_cont,1297.911208584658
1995,sun_belt,1480.9939240827239
1995,southern,1375.4946141215396
1995,mac,1527.7096710188112
1995,swac,1290.513876677129
1995,mw_coll,1479.3918707955038
1995,big_west,1552.0718262866303
1995,meac,1213.0440772782567
1995,maac,1391.8047797556344
1995,big_south,1310.4648098669484
1995,pac_ten,1741.928465813154
1995,a_ten,1702.0614740678602
1995,swc,1536.6647760219835
1995,wac,1586.5632771831524
1995,southland,1348.6543571886536
1995,awc,1242.1010357934315
1995,mvc,1557.2113979553228
1995,ovc,1347.9188383296962
1995,nec,1310.4613683194236
1995,ivy,1312.8340970361664
1995,big_east,1781.904667447132
1995,caa,1433.2673067038224
1995,patriot,1288.3227803389427
1996,nac,1403.83608325766
1996,big_eight,1796.1835212731276
1996,sec,1738.2114647089732
1996,big_sky,1457.269433159969
1996,ind,1352.8100604288284
1996,a_sun,1345.3599110689686
1996,acc,1858.442773562446
1996,cusa,1732.8534019813603
1996,big_ten,1773.4352843029892
1996,wcc,1554.786783460967
1996,mid_cont,1293.7747503594956
1996,sun_belt,1485.16991299233
1996,southern,1369.4068696763372
1996,mac,1540.0468276616964
1996,swac,1286.3167498063167
1996,mw_coll,1473.3210918941788
1996,big_west,1525.3466563902186
1996,meac,1207.9371958437316
1996,maac,1469.7889609005053
1996,big_south,1299.8381496768247
1996,pac_ten,1738.0787170037383
1996,a_ten,1644.229755686486
1996,swc,1574.97364690955
1996,wac,1601.457757312259
1996,southland,1330.4161110338412
1996,awc,1263.5917249006673
1996,mvc,1550.3400369436831
1996,ovc,1357.431761753024
1996,nec,1336.894597965723
1996,ivy,1340.3263568027553
1996,big_east,1762.3007157795348
1996,caa,1432.7967748052163
1996,patriot,1244.7631227529673
1997,aec,1416.9792896407168
1997,sec,1729.0262108713498
1997,big_sky,1405.61805720605
1997,ind,1382.399256524321
1997,a_sun,1289.0353035631922
1997,acc,1889.8438972794615
1997,cusa,1643.810584179274
1997,big_ten,1777.432232878273
1997,wcc,1511.8358714658116
1997,mid_cont,1344.0354386137276
1997,sun_belt,1482.2527185773429
1997,southern,1359.6760328823405
1997,mac,1548.7750185086854
1997,swac,1252.4886514812442
1997,mw_coll,1437.8849222734193
1997,big_west,1502.2893362875282
1997,meac,1199.6944829845834
1997,maac,1413.566472839792
1997,big_twelve,1747.8707112724405
1997,big_south,1330.3808459607467
1997,pac_ten,1753.980510665821
1997,a_ten,1666.9654021205413
1997,wac,1612.493354647654
1997,southland,1309.9139308781453
1997,mvc,1575.794914020485
1997,ovc,1326.381801061699
1997,nec,1348.2849276603745
1997,ivy,1387.0274452796102
1997,big_east,1749.114597162217
1997,caa,1473.8092036935475
1997,patriot,1226.7134786003385
1998,aec,1410.0276988869475
1998,sec,1761.5583496794095
1998,big_sky,1416.291823982973
1998,a_sun,1295.4563651400858
1998,acc,1883.7244395058099
1998,cusa,1636.5689490981433
1998,big_ten,1762.5745549577034
1998,wcc,1551.0770514270118
1998,mid_cont,1345.6583533397668
1998,sun_belt,1471.5244129825176
1998,southern,1326.0242513688308
1998,mac,1514.7116817289846
1998,swac,1264.2989725187324
1998,mw_coll,1516.9555677976316
1998,big_west,1494.4709366970667
1998,meac,1200.5934363077085
1998,maac,1442.2881975486214
1998,big_twelve,1713.1885474432627
1998,big_south,1292.7239072559462
1998,pac_ten,1749.9930091777255
1998,a_ten,1670.581890994563
1998,wac,1628.6330458734371
1998,southland,1306.2088078418283
1998,mvc,1559.530919769121
1998,ovc,1343.6045050265961
1998,nec,1352.9384341071245
1998,ivy,1345.9138526514348
1998,big_east,1741.6120834026378
1998,caa,1483.5511131160476
1998,patriot,1249.7985342343434
1999,aec,1396.016147154084
1999,sec,1770.457661592494
1999,big_sky,1443.5583398077813
1999,ind,1279.597120471994
1999,a_sun,1275.6529063402938
1999,acc,1854.0352041816336
1999,cusa,1663.336454387086
1999,big_ten,1809.2378717015117
1999,wcc,1536.6993673086859
1999,mid_cont,1368.536525231728
1999,sun_belt,1513.2451549106297
1999,southern,1361.9920389668378
1999,mac,1535.023172038283
1999,swac,1273.6579470250401
1999,mw_coll,1496.038060204118
1999,big_west,1467.2040566162768
1999,meac,1192.046882998613
1999,maac,1464.2609804203398
1999,big_twelve,1684.9745999739846
1999,big_south,1252.0340165452578
1999,pac_ten,1782.5135743070437
1999,a_ten,1625.6314985863735
1999,wac,1615.8169475776479
1999,southland,1320.508592419668
1999,mvc,1599.483561483598
1999,ovc,1330.5894451646836
1999,nec,1355.7662946824814
1999,ivy,1354.4541041403431
1999,big_east,1749.6121258987116
1999,caa,1480.4093561933914
1999,patriot,1263.9654407427347
2000,aec,1389.7926446563838
2000,mwc,1602.6852371882005
2000,sec,1785.9377683416444
2000,big_sky,1469.7425536391029
2000,ind,1287.768999658902
2000,a_sun,1295.2715986625788
2000,acc,1795.4068689373053
2000,cusa,1705.5491979805583
2000,big_ten,1792.6757816913596
2000,wcc,1539.7663049035775
2000,mid_cont,1351.0947321657918
2000,sun_belt,1463.1619928246314
2000,southern,1369.8861648365207
2000,mac,1571.2360778042782
2000,swac,1255.2336870428514
2000,mw_coll,1514.240404290489
2000,big_west,1476.3856976007355
2000,meac,1189.6757687642857
2000,maac,1435.5042530022358
2000,big_twelve,1704.428220720987
2000,big_south,1298.0840811329622
2000,pac_ten,1763.7404580378436
2000,a_ten,1630.6670729845675
2000,wac,1624.2255053651256
2000,southland,1334.7072054921302
2000,mvc,1600.7997341159717
2000,ovc,1373.6866817181658
2000,nec,1357.7915932773365
2000,ivy,1338.2412209499134
2000,big_east,1740.027255458807
2000,caa,1477.9943598867435
2000,patriot,1335.8357443260015
2001,aec,1379.7042500702178
2001,mwc,1622.820012061358
2001,sec,1811.3309821409928
2001,big_sky,1445.9005525738476
2001,ind,1265.2888526810027
2001,a_sun,1326.2823917756825
2001,acc,1819.8883894902149
2001,cusa,1673.303278061755
2001,big_ten,1805.4570900457018
2001,wcc,1509.2065298702123
2001,mid_cont,1374.8547003786628
2001,sun_belt,1438.2792923251527
2001,southern,1365.1698681358566
2001,mac,1525.918141749755
2001,swac,1229.1203181104124
2001,mw_coll,1553.0902588409938
2001,big_west,1471.7342904021143
2001,meac,1210.4388981601548
2001,maac,1452.8004247122963
2001,big_twelve,1723.6087818137087
2001,big_south,1276.3549003963603
2001,pac_ten,1775.4942243072874
2001,a_ten,1634.8045142676508
2001,wac,1645.4184622787848
2001,southland,1332.0102956693213
2001,mvc,1568.545706830221
2001,ovc,1403.3643911602308
2001,nec,1319.1514899995047
2001,ivy,1336.3810611676902
2001,big_east,1735.7859655652942
2001,caa,1487.884903070464
2001,patriot,1342.616777301618
2002,aec,1284.7460389074377
2002,mwc,1647.9935874915534
2002,sec,1818.567361613732
2002,big_sky,1429.3201870952935
2002,ind,1320.206749409998
2002,a_sun,1336.8526768517156
2002,acc,1795.3707212980446
2002,cusa,1660.521372057379
2002,big_ten,1760.6065916678983
2002,wcc,1512.3358529103664
2002,horizon,1523.470964906598
2002,mid_cont,1445.884817542265
2002,sun_belt,1479.3296052334588
2002,southern,1418.712693077777
2002,mac,1537.4376074473394
2002,swac,1220.6174230396064
2002,big_west,1488.1104672073
2002,meac,1234.8827636332028
2002,maac,1427.106552759402
2002,big_twelve,1725.5551974489297
2002,big_south,1233.2225311531774
2002,pac_ten,1779.543608019479
2002,a_ten,1609.9803637200291
2002,wac,1592.6668947608778
2002,southland,1346.6618183413354
2002,mvc,1521.7191082154268
2002,ovc,1379.1996113862133
2002,nec,1302.0508673242596
2002,ivy,1410.6499511231846
2002,big_east,1731.576694427782
2002,caa,1482.0667386038208
2002,patriot,1326.3691694108004
2003,aec,1327.3608296232223
2003,mwc,1664.2932230739934
2003,sec,1818.742110971053
2003,big_sky,1445.3594316943297
2003,ind,1266.0475260386822
2003,a_sun,1386.619844002711
2003,acc,1787.9578300796652
2003,cusa,1656.6496207119344
2003,big_ten,1743.7265065542554
2003,wcc,1541.0031984153613
2003,horizon,1535.3393783845288
2003,mid_cont,1402.7471072295752
2003,sun_belt,1516.2710905271176
2003,southern,1410.9731425948337
2003,mac,1540.5244646708709
2003,swac,1214.5970357855715
2003,big_west,1471.9299046147903
2003,meac,1227.6507855656876
2003,maac,1446.8819102211905
2003,big_twelve,1761.8014436484125
2003,big_south,1271.0718305913038
2003,pac_ten,1750.284771318061
2003,a_ten,1617.9042462873979
2003,wac,1562.8538299331055
2003,southland,1340.322994517017
2003,mvc,1516.7676207324407
2003,ovc,1405.4742976815294
2003,nec,1305.3678726032033
2003,ivy,1399.6001741234384
2003,big_east,1737.575298770261
2003,caa,1470.510411572108
2003,patriot,1331.4211048525106
2004,aec,1342.6122375043356
2004,mwc,1675.3072373930765
2004,sec,1818.2414657354957
2004,big_sky,1420.2715565421126
2004,ind,1258.665593937745
2004,a_sun,1380.431120040472
2004,acc,1846.4992177279414
2004,cusa,1669.6572555797945
2004,big_ten,1717.7211119004003
2004,wcc,1548.7801952420443
2004,horizon,1513.6111455884559
2004,mid_cont,1423.5668718225006
2004,sun_belt,1496.6426185147975
2004,southern,1418.0579963460957
2004,mac,1539.6490438968235
2004,swac,1204.9006035100742
2004,big_west,1482.8471688934512
2004,meac,1199.0104115551583
2004,maac,1423.7449820023685
2004,big_twelve,1740.442371661442
2004,big_south,1296.6862393343208
2004,pac_ten,1717.95488969599
2004,a_ten,1621.6233735742808
2004,wac,1600.314600406668
2004,southland,1322.0829549002137
2004,mvc,1557.6721947436695
2004,ovc,1394.2228323168104
2004,nec,1303.3235849810806
2004,ivy,1359.7380652208828
2004,big_east,1754.783620113158
2004,caa,1491.7307959735138
2004,patriot,1310.8267183600026
2005,aec,1388.684609373166
2005,mwc,1658.7195372203205
2005,sec,1782.3759716391362
2005,big_sky,1386.3170514744954
2005,ind,1247.3447793925443
2005,a_sun,1374.3012377392506
2005,acc,1820.2733522277892
2005,cusa,1653.7519881723288
2005,big_ten,1733.9214929450195
2005,wcc,1627.225213536045
2005,horizon,1480.6612405225121
2005,mid_cont,1431.9810038032654
2005,sun_belt,1502.7958826945921
2005,southern,1415.966815701266
2005,mac,1576.5926886277098
2005,swac,1190.2595928319608
2005,big_west,1501.1420445932313
2005,meac,1221.6799295759674
2005,maac,1400.239377733121
2005,big_twelve,1748.8782842783255
2005,big_south,1326.6593958252072
2005,pac_ten,1747.4060285368155
2005,a_ten,1551.4355358153773
2005,wac,1570.6408002621304
2005,southland,1345.57047335474
2005,mvc,1609.0475826719717
2005,ovc,1383.7103136515912
2005,nec,1292.998445832839
2005,ivy,1382.399835574509
2005,big_east,1788.9788146360595
2005,caa,1476.6619528657477
2005,patriot,1330.333200320447
2006,aec,1351.9438568069888
2006,mwc,1632.1660884498194
2006,sec,1769.9806774927556
2006,big_sky,1444.9414466608116
2006,ind,1264.0724183377267
2006,a_sun,1350.604359142385
2006,acc,1809.3606008986606
2006,cusa,1549.5306412638483
2006,big_ten,1768.2521414238954
2006,wcc,1598.9855183092527
2006,horizon,1517.0323308526738
2006,mid_cont,1386.3792163830187
2006,sun_belt,1493.8940496949842
2006,southern,1421.3035504689194
2006,mac,1551.4134786434981
2006,swac,1186.303044732023
2006,big_west,1478.6784662174643
2006,meac,1214.0386535977993
2006,maac,1445.4195533661064
2006,big_twelve,1745.6838711761282
2006,big_south,1349.914970948065
2006,pac_ten,1731.719849134987
2006,a_ten,1570.6255419534011
2006,wac,1559.8356686326954
2006,southland,1371.3225622448756
2006,mvc,1646.2409686363285
2006,ovc,1389.6534771483884
2006,nec,1297.6514624128786
2006,ivy,1335.6616584200042
2006,big_east,1781.806475122772
2006,caa,1505.7164413113644
2006,patriot,1343.7393832534913
2007,aec,1375.32110600838
2007,mwc,1676.6492676226944
2007,sec,1785.0412942207047
2007,big_sky,1405.9257360972995
2007,ind,1262.3199498756078
2007,a_sun,1332.004221240843
2007,acc,1809.8327496277827
2007,cusa,1544.501020739746
2007,big_ten,1765.2932778977236
2007,wcc,1541.430632212434
2007,horizon,1540.5628402747725
2007,mid_cont,1412.9207127941443
2007,sun_belt,1432.397799612052
2007,southern,1448.7292783722542
2007,mac,1519.0593292215665
2007,swac,1194.264186421234
2007,big_west,1480.488438952396
2007,meac,1220.6780382812985
2007,maac,1413.552163270476
2007,big_twelve,1758.533166398555
2007,big_south,1341.1859676454224
2007,pac_ten,1752.4002937614264
2007,a_ten,1542.441121593747
2007,wac,1583.2945857975365
2007,southland,1378.2890132350585
2007,mvc,1706.9529429387155
2007,ovc,1356.6245227109396
2007,nec,1306.7059732237876
2007,ivy,1380.3831852896396
2007,big_east,1768.6626845757278
2007,caa,1519.159548232853
2007,patriot,1372.1553198118932
2008,aec,1355.430846214049
2008,mwc,1647.7358930582986
2008,sec,1754.9721572745723
2008,big_sky,1421.5773077170315
2008,ind,1244.4861973915054
2008,a_sun,1334.5438764986043
2008,acc,1805.1751863716715
2008,cusa,1557.9430757618982
2008,big_ten,1738.7257306421955
2008,wcc,1507.5695372870712
2008,horizon,1556.8724609965693
2008,sun_belt,1455.801526445804
2008,southern,1453.6150694244116
2008,mac,1524.3463709493578
2008,swac,1181.239981246606
2008,big_west,1464.9138650576149
2008,meac,1229.0245222927467
2008,maac,1437.1069328870722
2008,summit,1414.696262816237
2008,big_twelve,1773.1288509335882
2008,big_south,1360.0558717308386
2008,pac_ten,1788.1749622089442
2008,a_ten,1617.912962658639
2008,wac,1516.9298613322414
2008,southland,1397.3943088199987
2008,mvc,1680.3624772592739
2008,ovc,1331.5298241106755
2008,nec,1334.2588326411737
2008,ivy,1361.6415434047465
2008,big_east,1765.9340192873242
2008,caa,1493.9030265828032
2008,patriot,1416.884740159158
2009,aec,1401.419004628887
2009,mwc,1671.8091726022867
2009,sec,1734.9859445569807
2009,big_sky,1412.0254724491565
2009,ind,1266.6798369773387
2009,a_sun,1343.9033940900338
2009,acc,1830.3896583131864
2009,cusa,1591.1706968380356
2009,big_ten,1769.8267235611436
2009,wcc,1510.4352710862725
2009,horizon,1581.1885443755816
2009,sun_belt,1443.3538924723944
2009,southern,1415.6900876503587
2009,mac,1464.301560877256
2009,swac,1150.5850348452234
2009,big_west,1453.1167555482025
2009,meac,1228.5434215777298
2009,maac,1471.3775314506515
2009,summit,1424.8333999694312
2009,big_twelve,1775.1352161365382
2009,big_south,1355.6851814236334
2009,pac_ten,1798.967204087069
2009,a_ten,1606.5956691359554
2009,wac,1526.1861023269362
2009,southland,1412.8704661319996
2009,mvc,1657.6349313486
2009,ovc,1354.7513838886034
2009,nec,1329.767442384535
2009,ivy,1371.939683485939
2009,big_east,1776.9248935649905
2009,caa,1502.8658818874762
2009,patriot,1378.1457739248037
2010,aec,1378.3948196139866
2010,mwc,1661.5680355273068
2010,sec,1735.588936172513
2010,big_sky,1442.5587062559316
2010,gwc,1188.1000102536325
2010,ind,1251.115399026853
2010,a_sun,1362.0654569482265
2010,acc,1828.8747873297198
2010,cusa,1588.321241368991
2010,big_ten,1768.9439677911244
2010,wcc,1541.1834742398414
2010,horizon,1563.354337412269
2010,sun_belt,1422.9836393744783
2010,southern,1421.3549075361032
2010,mac,1492.6362923341112
2010,swac,1135.068246958099
2010,big_west,1444.45561880668
2010,meac,1228.2640477082202
2010,maac,1495.1012037694766
2010,summit,1428.2021942152949
2010,big_twelve,1813.5549954325918
2010,big_south,1337.3201439122438
2010,pac_ten,1726.092071084025
2010,a_ten,1628.8611243855407
2010,wac,1576.5705628459282
2010,southland,1409.59980202501
2010,mvc,1658.4707047587247
2010,ovc,1376.4565377593203
2010,nec,1277.6173018930565
2010,ivy,1387.2813923846488
2010,big_east,1792.0714851686382
2010,caa,1522.4583150626402
2010,patriot,1356.70111425517
2011,aec,1344.0869286723319
2011,mwc,1701.5839287413112
2011,sec,1710.8822816729878
2011,big_sky,1424.4006935641269
2011,gwc,1175.4139524534971
2011,ind,1217.500696430229
2011,a_sun,1395.2525099548582
2011,acc,1783.1090676762822
2011,cusa,1619.1543428622372
2011,big_ten,1791.0492053841253
2011,wcc,1556.895962516248
2011,horizon,1583.1217469758271
2011,sun_belt,1413.6063039774451
2011,southern,1417.4228108085026
2011,mac,1456.7725269178936
2011,swac,1137.5572953211472
2011,big_west,1448.070737344785
2011,meac,1228.5134586491333
2011,maac,1468.9280800662677
2011,summit,1427.8356885304026
2011,big_twelve,1817.9387789520006
2011,big_south,1359.461503013195
2011,pac_ten,1721.541955388367
2011,a_ten,1602.6850082496912
2011,wac,1581.291929112911
2011,southland,1385.8797771431634
2011,mvc,1608.2814345973327
2011,ovc,1387.1827883848796
2011,nec,1322.4102048539035
2011,ivy,1436.0740149748262
2011,big_east,1815.2315672049542
2011,caa,1548.5796210839646
2011,patriot,1373.7815018192373
2012,aec,1319.4108162038497
2012,mwc,1713.421635280866
2012,sec,1744.4965980570125
2012,pac_twelve,1662.8184059068697
2012,big_sky,1394.5696439767166
2012,gwc,1186.1546200000025
2012,ind,1273.9045500886982
2012,a_sun,1417.544516029889
2012,acc,1733.4100604925245
2012,cusa,1614.5375119966402
2012,big_ten,1804.928816628317
2012,wcc,1567.4947275835334
2012,horizon,1555.8188392549905
2012,sun_belt,1432.1212366579605
2012,southern,1396.791420899581
2012,mac,1490.06573209831
2012,swac,1123.0395133335692
2012,big_west,1459.507139346726
2012,meac,1246.5663950827795
2012,maac,1450.358508163326
2012,summit,1486.9533271756059
2012,big_twelve,1825.3532899591985
2012,big_south,1351.1925612851492
2012,a_ten,1634.435858486703
2012,wac,1559.8974347291437
2012,southland,1384.2238453251387
2012,mvc,1619.2429980810705
2012,ovc,1372.2868149550252
2012,nec,1351.8483022164492
2012,ivy,1458.3194292544886
2012,big_east,1790.859623269442
2012,caa,1516.81849280978
2012,patriot,1395.2843836155967
2013,aec,1362.4849221968764
2013,mwc,1736.0903564885027
2013,sec,1710.0028703960263
2013,pac_twelve,1705.6217696696865
2013,big_sky,1349.0480214874694
2013,gwc,1223.6754917534083
2013,ind,1258.9694321720704
2013,a_sun,1373.2033821663686
2013,acc,1741.329755960656
2013,cusa,1589.429788563036
2013,big_ten,1805.8421609542293
2013,wcc,1609.8859117574593
2013,horizon,1539.0261150550618
2013,sun_belt,1439.3269371274198
2013,southern,1368.8539132104163
2013,mac,1479.208751726727
2013,swac,1140.5603428312247
2013,big_west,1472.329051847771
2013,meac,1260.6636318984795
2013,maac,1474.4362063092847
2013,summit,1423.503947759109
2013,big_twelve,1779.829751072903
2013,big_south,1306.782175657844
2013,a_ten,1662.6322734226608
2013,wac,1502.115214867661
2013,southland,1369.505545051751
2013,mvc,1638.587283572961
2013,ovc,1404.1289459265936
2013,nec,1355.3171073885671
2013,ivy,1439.6749713357585
2013,big_east,1802.9506875273921
2013,caa,1448.6426946792924
2013,patriot,1422.3913891423229
2014,aec,1326.9567978026741
2014,mwc,1648.060650866897
2014,sec,1715.3363958207162
2014,pac_twelve,1743.3667861380602
2014,big_sky,1350.7894498652886
2014,ind,1225.0259056069149
2014,a_sun,1364.6346953446093
2014,acc,1769.5152101160825
2014,cusa,1515.9974432706535
2014,big_ten,1819.7801488773073
2014,wcc,1619.4652479790202
2014,horizon,1523.9943336229003
2014,sun_belt,1450.448652173719
2014,southern,1329.808466662379
2014,mac,1496.1703450227342
2014,swac,1157.6988537020932
2014,big_west,1465.80718447808
2014,meac,1244.4055936676425
2014,maac,1458.5749685597552
2014,summit,1462.6336034388873
2014,big_twelve,1810.1230891026867
2014,big_south,1301.3242833179545
2014,aac,1717.235808704239
2014,a_ten,1678.646768499424
2014,wac,1383.7498698640488
2014,southland,1344.855459444522
2014,mvc,1587.887640080264
2014,ovc,1379.3290443653552
2014,nec,1346.4628154380962
2014,ivy,1444.2177996385349
2014,big_east,1780.5359806153185
2014,caa,1453.945280408778
2014,patriot,1434.2730694948857
2015,aec,1321.510890907625
2015,mwc,1607.623538183835
2015,sec,1741.26333525795
2015,pac_twelve,1737.6552468166838
2015,big_sky,1356.7709151455513
2015,ind,1463.218558110711
2015,a_sun,1356.0680749274684
2015,acc,1777.290753468896
2015,cusa,1488.2894018111876
2015,big_ten,1771.9363491783627
2015,wcc,1624.139965192903
2015,horizon,1507.7704688590113
2015,sun_belt,1414.3892619512824
2015,southern,1346.3410545283673
2015,mac,1538.9707488576066
2015,swac,1170.625890530466
2015,big_west,1499.9970184191498
2015,meac,1246.0493565649222
2015,maac,1442.409072841757
2015,summit,1456.7714356337397
2015,big_twelve,1821.859997111023
2015,big_south,1314.9360796161084
2015,aac,1636.0798343414135
2015,a_ten,1642.8625779713282
2015,wac,1332.9422109976763
2015,southland,1347.1682848834741
2015,mvc,1575.5946137609071
2015,ovc,1402.597914794491
2015,nec,1350.2710839822248
2015,ivy,1489.5624882601494
2015,big_east,1784.0745823508205
2015,caa,1442.9514897246788
2015,patriot,1421.9143614916052
2016,aec,1363.6539216286615
2016,mwc,1572.7195715799169
2016,sec,1729.8448408756371
2016,pac_twelve,1771.6820196688795
2016,big_sky,1363.272961350597
2016,a_sun,1344.1726741685156
2016,acc,1796.7870746414276
2016,cusa,1449.254358870789
2016,big_ten,1761.2102318442505
2016,wcc,1587.2532339020859
2016,horizon,1499.807612907005
2016,sun_belt,1437.043016574745
2016,southern,1379.0390580996086
2016,mac,1533.0915916228143
2016,swac,1179.6818228325274
2016,big_west,1497.1047624212947
2016,meac,1217.1836389537186
2016,maac,1451.943317525964
2016,summit,1495.6091484884732
2016,big_twelve,1843.4627367563705
2016,big_south,1328.5735828058075
2016,aac,1647.7584977166691
2016,a_ten,1631.752805717789
2016,wac,1363.964119163912
2016,southland,1336.874702033058
2016,mvc,1552.5479963939747
2016,ovc,1382.2136382810938
2016,nec,1307.0494482799575
2016,ivy,1499.6179826891607
2016,big_east,1777.531408656129
2016,caa,1516.7613873691985
2016,patriot,1385.217495920538
2017,aec,1391.5042234769567
2017,mwc,1586.0616401946193
2017,sec,1732.8002072653749
2017,pac_twelve,1746.7738943499214
2017,big_sky,1355.962143035302
2017,a_sun,1371.9268765619174
2017,acc,1817.5241748001022
2017,cusa,1434.763055972042
2017,big_ten,1773.9999721865895
2017,wcc,1584.6067262083589
2017,horizon,1471.8180891377858
2017,sun_belt,1470.2572948672641
2017,southern,1419.9553092909473
2017,mac,1523.8841261052175
2017,swac,1164.5318515704248
2017,big_west,1413.8136156010712
2017,meac,1185.676359066045
2017,maac,1459.3831325311673
2017,summit,1503.841425776725
2017,big_twelve,1852.20883032706
2017,big_south,1326.9851015745976
2017,aac,1627.4661030015734
2017,a_ten,1616.686557210019
2017,wac,1395.0523953846941
2017,southland,1351.9159017943425
2017,mvc,1557.6457382250271
2017,ovc,1378.9338376584371
2017,nec,1279.3591178784288
2017,ivy,1484.2914295225523
2017,big_east,1805.341021941917
2017,caa,1525.0293844508242
2017,patriot,1389.1621969517898
2018,aec,1395.7606820940337
2018,mwc,1592.6338203992154
2018,sec,1781.825585062712
2018,pac_twelve,1705.0271904526119
2018,big_sky,1410.250717983452
2018,a_sun,1329.575707606611
2018,acc,1813.311812718228
2018,cusa,1466.5090590564425
2018,big_ten,1769.616443465124
2018,wcc,1558.5132870854277
2018,horizon,1416.25237915123
2018,sun_belt,1453.084461582145
2018,southern,1423.219801789657
2018,mac,1516.2396067592128
2018,swac,1147.9297454739237
2018,big_west,1423.4746252748762
2018,meac,1176.7311641239585
2018,maac,1442.8503359743345
2018,summit,1513.409251204104
2018,big_twelve,1850.9381472122218
2018,big_south,1345.2979687547481
2018,aac,1657.8782564214446
2018,a_ten,1574.3268355967016
2018,wac,1428.6826061018587
2018,southland,1352.9919892454263
2018,mvc,1561.62632795781
2018,ovc,1400.3019016420876
2018,nec,1307.7011133648543
2018,ivy,1447.2062256818215
2018,big_east,1826.3806689040084
2018,caa,1498.1421051464781
2018,patriot,1377.2042979486707
2019,aec,1359.9082090510462
2019,mwc,1543.8192404749823
2019,sec,1792.05174984451
2019,pac_twelve,1656.488048428893
2019,big_sky,1389.1493392184746
2019,a_sun,1395.9420681433048
2019,acc,1822.8170266046839
2019,cusa,1487.5888097723334
2019,big_ten,1814.7921013058854
2019,wcc,1594.492815580283
2019,horizon,1414.063959226023
2019,sun_belt,1469.7119556270957
2019,southern,1469.6513226168158
2019,mac,1569.088239228188
2019,swac,1172.1588867373323
2019,big_west,1416.9548860565983
2019,meac,1159.9074585401102
2019,maac,1366.380783656732
2019,summit,1441.1839238847674
2019,big_twelve,1848.7695421715719
2019,big_south,1355.7418217318302
2019,aac,1656.0096133858422
2019,a_ten,1545.4451361380802
2019,wac,1487.8927820860927
2019,southland,1327.3234997978443
2019,mvc,1523.666534790924
2019,ovc,1404.736516401363
2019,nec,1303.1384444779221
2019,ivy,1513.4611123340244
2019,big_east,1801.4845426655436
2019,caa,1466.479482084714
2019,patriot,1402.1110870561847
2020,aec,1384.5456396467587
2020,mwc,1572.0113725802948
2020,sec,1760.9940259486516
2020,pac_twelve,1695.8043639293874
2020,big_sky,1423.530495880024
2020,a_sun,1375.9253477096854
2020,acc,1782.2597952715175
2020,cusa,1493.8597450753691
2020,big_ten,1831.0271371572344
2020,wcc,1606.5662039434096
2020,horizon,1407.0047412259062
2020,sun_belt,1468.9770026337546
2020,southern,1490.122030558076
2020,mac,1540.9512648048114
2020,swac,1186.007204823253
2020,big_west,1392.6998881100371
2020,meac,1172.9581540074935
2020,maac,1379.157631794819
2020,summit,1416.403767013296
2020,big_twelve,1835.8048875893178
2020,big_south,1328.0293621442988
2020,aac,1678.3542121573607
2020,a_ten,1585.9759669397688
2020,wac,1412.7778663803913
2020,southland,1314.450121532611
2020,mvc,1550.9918555530762
2020,ovc,1372.8512001241918
2020,nec,1316.4496476803195
2020,ivy,1498.5681774354907
2020,big_east,1833.3181611432744
2020,caa,1455.7131629970825
2020,patriot,1411.918977664649
2021,aec,1377.4992996811627
2021,mwc,1574.351010067576
2021,sec,1766.1652681326007
2021,pac_twelve,1701.494463290128
2021,big_sky,1415.2614959489185
2021,a_sun,1390.6890629717955
2021,acc,1771.9828174249208
2021,cusa,1505.2972082684512
2021,big_ten,1848.8318935410935
2021,wcc,1609.0763327678603
2021,horizon,1406.2989413641856
2021,sun_belt,1457.789831089033
2021,southern,1504.9154956778561
2021,mac,1522.9520488826563
2021,swac,1191.7908869948044
2021,big_west,1424.9634972655226
2021,meac,1195.9975912866819
2021,maac,1372.8562261298457
2021,summit,1401.9209820401143
2021,big_twelve,1827.8456519424885
2021,big_south,1319.0508149409156
2021,aac,1677.0359038847644
2021,a_ten,1594.8468648884223
2021,wac,1409.3468174677162
2021,southland,1305.4857701750573
2021,mvc,1560.0911154032358
2021,ovc,1378.6639973070698
2021,nec,1318.9450866010118
2021,big_east,1815.2222427058214
2021,caa,1435.7174477162214
2021,patriot,1425.4046802027394
2022,aec,1372.0067239878342
2022,mwc,1620.2966083846027
2022,sec,1761.6498028756175
2022,pac_twelve,1691.2182535851837
2022,big_sky,1406.9550230180434
2022,a_sun,1385.1479845361146
2022,acc,1733.2340630156725
2022,cusa,1504.013675714965
2022,big_ten,1837.1011364794883
2022,wcc,1609.838234229851
2022,horizon,1379.0470965913935
2022,sun_belt,1473.9292356847116
2022,southern,1501.727950382441
2022,mac,1490.8396096451163
2022,swac,1201.722968233905
2022,big_west,1429.1113179756042
2022,meac,1201.545889591741
2022,maac,1426.915663933545
2022,summit,1411.24055597634
2022,big_twelve,1859.3799930562454
2022,big_south,1317.9180946379465
2022,aac,1667.1932051134218
2022,a_ten,1596.140613647543
2022,wac,1441.6706630026629
2022,southland,1253.643873683893
2022,mvc,1558.6918281861797
2022,ovc,1377.144985120106
2022,nec,1325.8186744227976
2022,ivy,1469.0770275895547
2022,big_east,1806.261705550948
2022,caa,1468.2207321737928
2022,patriot,1363.5109288313229
2023,aec,1389.8106200093687
2023,mwc,1667.6061882940523
2023,sec,1765.3740149975313
2023,pac_twelve,1689.503740781841
2023,big_sky,1411.3799122431788
2023,ind,1177.93922915325
2023,a_sun,1429.1041165653144
2023,acc,1721.023780602142
2023,cusa,1555.639720526686
2023,big_ten,1807.968297599477
2023,wcc,1629.2811670225224
2023,horizon,1393.5547549166579
2023,sun_belt,1487.2797741676973
2023,southern,1448.1820159481788
2023,mac,1463.3280225225292
2023,swac,1215.7528312389584
2023,big_west,1431.8911638008974
2023,meac,1260.3673308127904
2023,maac,1420.7046339583162
2023,summit,1402.5551489016887
2023,big_twelve,1887.4314879058525
2023,big_south,1353.7918467466268
2023,aac,1645.5650010464044
2023,a_ten,1565.5375771812041
2023,wac,1506.4455663074662
2023,southland,1263.794989525883
2023,mvc,1525.6366654190335
2023,ovc,1344.9338701831937
2023,nec,1276.2640122447804
2023,ivy,1483.8580885760095
2023,big_east,1785.890627229832
2023,caa,1411.731492464245
2023,patriot,1364.8015862689313
2024,aec,1428.3501393382212
2024,mwc,1685.637724444548
2024,sec,1772.5603714778695
2024,pac_twelve,1696.1125721330918
2024,big_sky,1427.2904939354014
2024,ind,1283.1678518232438
2024,a_sun,1380.1489826650977
2024,acc,1721.5175772102425
2024,cusa,1489.8637295946605
2024,big_ten,1802.10090536922
2024,wcc,1555.8170841940691
2024,horizon,1403.8802198094393
2024,sun_belt,1472.2018904216313
2024,southern,1478.4568773928804
2024,mac,1418.10181805479
2024,swac,1220.434274703459
2024,big_west,1472.2233126428039
2024,meac,1272.8749957041928
2024,maac,1397.711896159153
2024,summit,1410.188635249623
2024,big_twelve,1829.666407625215
2024,big_south,1391.619639195168
2024,aac,1581.9510346180707
2024,a_ten,1595.0851758465162
2024,wac,1499.5011620734788
2024,southland,1291.130566272347
2024,mvc,1559.1218698563762
2024,ovc,1327.306194396746
2024,nec,1282.8894301983114
2024,ivy,1508.1831732187538
2024,big_east,1775.1194591355595
2024,caa,1426.584468149566
2024,patriot,1311.6215633095348
